text,label,__index_level_0__,true_label,predicted_label,left_probability,neutral_probability,right_probability,confidence,correct
"It is difficult to convey exactly how famous Michael Jackson was in the 1980s, because our increasingly fragmented, online culture is no longer capable of producing fame of such scale or universal reach. But director Antoine Fuqua’s new biopic, Michael, succeeds in giving us at least a glimpse of an era when the King of Pop reigned supreme.

My own introduction to Jackson came in the early 2000s, through the short film Michael Jackson’s Ghosts (1996). Already immersed in my parents’ rock-and-roll records, I had never encountered such a seamless fusion of disparate musical genres, horror imagery, and theatrical spectacle. It was precisely that sweeping artistic vision that catapulted Jackson to such dizzying heights of acclaim, and it is this that Fuqua’s film captures best.

What Michael understands is that Jackson’s greatness was the product of tenacious discipline, imagination, and talent so glaring that it could command the admiration of Americans across the full gamut of demographic divides.

ANIMAL FARM MOVIE: IRKING BOTH SIDES

The story begins with Michael Jackson as the 5-year-old frontman of the nascent Jackson 5, under the stern and exacting tutelage of his father, Joseph Jackson, played with such conviction by Colman Domingo that, not having known the man myself, I can only assume this is very nearly what he must have been like. Acting as both manager and musical director, Joseph Jackson makes J.K. Simmons in Whiplash (2014) look, by comparison, like my benevolent middle-school band teacher. Shaped by a bleak upbringing and years of backbreaking labor in the steel mills, he is presented not as a cartoon villain but as a severe and complicated patriarch.

“In this life, you’re either a winner or a loser,” he frequently tells his sons. “Nobody is going to give you anything in this life. You have to take it.” It is a harsh creed, but an enduringly recognizable one, and the film appreciably shows how such severity could be both formative and damaging.

There is seldom a word of praise from their father. Even after successful performances, the brothers are dragged straight back into rehearsal. In these early scenes, young Michael Jackson, played with infectious charm by Juliano Valdi, is already a natural showman and a remarkable vocal talent. Once the Jackson 5 signs with Motown, the demands only intensify, as the family’s fortunes come to depend ever more heavily on Michael Jackson’s singular gifts.

One of the film’s most effective observations is that this kind of greatness does not emerge without cost. Still a preteen, Michael Jackson has no childhood to speak of. No friends his own age, no real privacy, and no sense of ordinary boyhood, confined to rehearsal rooms and recording studios. Yet the film also makes clear that, for all the pain and tension, he never becomes severed from his family altogether. Even as he pushes against his father’s control, he remains deeply bound to those closest to him.

As the biopic traces Michael Jackson’s precipitous ascent to superstardom, Fuqua increasingly centers the story on self-determination. “Let your light shine,” his mother repeatedly tells him, and shine it does. In the film’s second act, the child prodigy grows into Jaafar Jackson, who vanishes into the role of his uncle with such uncanny precision that I found myself wondering whether some artificial intelligence sorcery had been involved. After a painful break with his father, who would have been content to keep him and his brothers touring soul and R&B material forever, Michael Jackson resolves to create his own music and shape his own style. That impulse toward artistic independence lies at the heart of the film and, in Fuqua’s telling, is what ultimately cements his legacy and makes him the biggest star in the world.

It was never merely a matter of songwriting or vocal ability. Michael Jackson revolutionized dance as surely as he transformed pop music, blending street styles, jazz, and the influence of classic performers such as Fred Astaire into something wholly his own. It is no easy feat to make men want to dance, and yet this is exactly what Jackson did. Everyone wanted to imitate him. Is there a more iconic piece of choreography in popular culture than the moonwalk or “Thriller”? Fuqua is especially effective in showing the star before the mirror, studying the movements of earlier performers and honing homage into innovation. If the film has one shortcoming, it is that I wish it had lingered longer on the creative process that gave rise to some of the most famous music and choreography ever performed.

Aside from its lively musical numbers, Michael is at its strongest when it presents Jackson’s success as deservedly earned. When he pushes for “Billie Jean” to break onto MTV (the first black artist to do so), he does so not through the language of entitlement or racial grievance, but on the strength of impossible talent, commercial appeal, and relentless hard work. In that sense, the film recalls a distinctly American belief that excellence, discipline, and conviction can still break barriers on merit. Jackson was proud to be a black artist, but he refused to be confined by racial categories. He did not want to be merely the bestselling black artist. He wanted to be the biggest artist in the world, and for a time, he was.

RESTORING AMERICA: SMASHING PUMPKINS FRONTMAN BILLY CORGAN JUST OFFERED A GREAT LESSON IN ECONOMICS

I found myself smiling and tapping my foot through much of the film’s two-hour runtime as Fuqua guided us through the making of an American legend of singular scale, one that the culture is unlikely ever to produce again. Michael Jackson’s ambition, as this film presents it, was to bring people together through performance.

Michael is as much about the making of a star as it is about the memory of a more unified popular culture, one in which greatness could still command the admiration of the whole country, and a black artist, on the sheer strength of talent and force of will, could become an icon beloved by Americans of every race, creed, and persuasion.

Harry Khachatrian (@Harry1T6) is a film critic for the Washington Examiner. He is a software engineer, holds a master’s degree from the University of Toronto, and writes about wine at BetweenBottles.com.",2,636,Right,Left,0.9742673,0.015674336,0.010058363,0.9742673,False
"Online Reputation Management: Strategic Digital Presence Protection

Our comprehensive Online Reputation Management services deliver strategic solutions to protect and enhance your digital presence. Through advanced monitoring tools and proven methodologies, we help businesses maintain a positive online reputation that builds trust and credibility.

Strategic Monitoring & Analysis

We employ sophisticated tracking tools and analytical systems to maintain continuous oversight of your online presence. Our comprehensive monitoring ensures we can quickly identify and address any potential reputation issues before they escalate.

Proactive Protection

Through strategic content development and placement, we create a strong foundation for your digital presence. Our proactive approach helps safeguard your reputation while building a positive online narrative that resonates with your audience.

Crisis Management

Our experienced team develops and implements effective strategies to address reputational challenges. We provide:

Rapid response protocols

Strategic communication planning

Reputation recovery strategies

Long-term protection measures

Risk mitigation solutions

Digital Presence Enhancement

We strengthen your online presence through:

Strategic content development

Brand narrative optimization

Search result management

Digital footprint enhancement

Reputation-building initiatives

Advanced Methodologies

Our approach combines proven techniques with advanced tools to deliver:

Comprehensive monitoring systems

Strategic response protocols

Content optimization strategies

Digital presence management

Long-term protection measures

Strategic Solutions

We develop customized strategies that:

Protect your digital reputation

Enhance your online presence

Build lasting credibility

Maintain positive visibility

Support business growth

Our Commitment

We understand the critical importance of maintaining a positive online reputation in today’s digital landscape. Our team works diligently to protect and enhance your digital presence, ensuring your business maintains a strong and credible online position.

Take Action

Ready to protect and enhance your digital presence? Contact us to discuss how our strategic Online Reputation Management solutions can safeguard your online reputation.",0,688,Left,Right,0.020803118,0.09214724,0.8870497,0.8870497,False
"Home ownership is a dream for many Americans, but there are some unpredictable downsides you don’t always think about. One of them is that you don’t know what type of neighbor you’ll end up with.

Recommended Videos

For example, in the past, neighbors have cut other homeowners’ trees without their consent, knocked on their doors to threaten them, or even put mothballs in the street to allegedly deliberately poison pets.

In a recent case, a woman says her neighbor planted a possibly invasive species uncomfortably close to her property’s driveway.

In a TikTok video that has garnered over 870,000 views, fitness creator Sam Taylor (@ssam.ttaylor) reveals what the plant is.

“POV: ur neighbor installed bamboo this close to your driveway & foundation,” she wrote in the video’s text overlay.

First, she films the bamboo from inside the neighbor’s fence, then moves to her side to show just how close it is to her property.

“Guys this is literally my worst homeowner nightmare,” she added in the caption. “BAMBOO!!!!!!! I’ve already dealt with so much this year on my house now I have to fight off bamboo!!!”

Is Bamboo Considered An Invasive Species?

It can be, depending on species and other specific conditions.

According to the Brandywine Conservancy, bamboo “is very challenging to control or remove and should be planted with extreme caution.”

The organization notes that some varieties can spread 3 to 5 feet in a year. Sometimes, even up to 10 feet under ideal conditions. The plant can also pose risks to structures, as its shoots are strong enough to push through asphalt, cracks in concrete, and even home foundations.

There are real-world examples of this happening.

In 2024, The Guardian reported on a case where bamboo caused roughly £100,000 (about $135,000) in damage to a woman’s home. It spread throughout the property, forcing her to rip up the entire ground-floor flooring.

While there are often local regulations around planting invasive species near property lines, it’s unclear what type of bamboo Taylor’s neighbor planted or whether it poses the same risk.

The Mary Sue reached out to Taylor via email for comment and additional information.

“Bamboo is heavily regulated, check in your area but they could be responsible for damages to your property,” one person wrote

“That’s graceful bamboo, it’s a clumping variety. It won’t spread but it will get pretty tall,” another added.

“Bamboo is a homeowner’s worst nightmare,” a third said.

@ssam.ttaylor Guys this is literally my worse homeowner nightmare. BAMBOO!!!!!!! I’ve already dealt with so much this year on my house now I have to fight off bamboo!!!???? ♬ Oh No (Instrumental) – Kreepa

“Yeah so mine’s like 50 feet tall,” another wrote.

Have a tip we should know? [email protected]",0,600,Left,Neutral,0.20984712,0.69817686,0.09197608,0.69817686,False
"Today, the House Energy and Commerce Committee is considering a wide range of youth online safety bills for markup that touch everything from social media and gaming to the use of chatbot companions.

The markup will include H.R. 3149, the App Store Accountability Act (ASAA), as well as a new amendment that would update and replace ASAA.

When the ASAA was first introduced last year, the Open Technology Institute (OTI) opposed the bill because its sweeping age verification component would require everyone who uses an app store to verify their age, regardless of which app they intend to use. As we explained then, this was “like requiring every person shopping at a grocery store to provide ID upon entering the store, regardless of whether they intend to buy chips, fruit, or alcohol.” Age verification requirements—especially those blocking access to a wide range of speech, as seen in ASAA—undermine everyone’s privacy, online security, and constitutional rights.

These core concerns remain for both the latest version of ASAA and the proposed amendment.

ASAA Creates Privacy and Security Vulnerabilities

A Committee fact sheet circulated among staffers confidently states that “age verification can be done in a privacy-security-protective way.” OTI has written about promising advances on this front, but the digital ecosystem is not yet ready to support it at scale. More importantly, the ASAA’s proposed verification architecture would create major privacy and security vulnerabilities by requiring app stores to collect age information and then share that sensitive information with every app developer, regardless of whether an app actually needs that data.

Requiring people to hand over sensitive personal information, like government IDs, credit cards, or even biometric data, in order to verify their age online puts that information at risk of being exposed, stolen, misused, or subject to surveillance. In just the past year, we’ve seen these risks dramatically materialize. In July 2025, hackers exposed 13,000 selfies and photo IDs used to verify account holders from the Tea Dating Advice app. In October, Discord found that 70,000 users may have had their government-ID photos exposed; they were submitted as part of the platform’s age-gating process.

The Committee fact sheet highlights that ASAA “state[s] that submitting a government ID is not required.” But the bill’s other requirements establish incentives that strongly favor that outcome. ASAA provides safe harbors for app developers but not app stores. And app stores are required to capture granular age categories and are liable for accuracy failures. These mandates are likely to push platforms toward reliance on government-issued IDs. This raises serious implications for people from vulnerable communities or people seeking content that is often stigmatized.

ASAA Raises Constitutional and Free Expression Concerns

ASAA’s overly broad age verification requirement—applied to accessing every app—could chill speech and prevent people without acceptable forms of ID from accessing online spaces and content that they otherwise have a right to access. The rollout of the UK’s Online Safety Act demonstrated how age verification requirements can fuel censorship. In the wake of its implementation, news, journalistic content, and speech otherwise not intended to be blocked were age-gated.

The Committee fact sheet suggests that the ASAA “follows the approach in Texas’s age verification law for pornography that the Supreme Court upheld.” But the qualifier about the type of content is the key. In FSC v Paxton, the Court’s ruling narrowly permits age verification for explicit content. The Supreme Court hasn’t provided a constitutional blank check for age verification applied to all apps and content types, but that is precisely how the ASAA would operate.

This critique isn’t theoretical. In CCIA v. Paxton, a federal court has already temporarily blocked the Texas App Store Accountability Act on First Amendment grounds precisely because “the categories of speech it restricts are so exceedingly overbroad.” Judge Pitman’s order explains that requiring users to verify their age to download general-interest apps is “akin to a law that would require every bookstore to verify the age of every customer at the door.” The analogy powerfully captures the overbreadth problem that is also at the heart of the ASAA. (Similar litigation against Utah’s version of an app store bill is making its way through the courts.)

ASAA Creates Major Circumvention Gaps

These constitutional and privacy risks are even more troubling in light of the major circumvention problems that jeopardize the ASAA’s core safety goals. Minors can readily access much of the content that the bill’s drafters and many parents are eager to restrict via web browsers or, under the amended version of ASAA, through third-party app stores that no longer meet the definition of covered app stores.

This is precisely why OTI has argued that age verification requirements be applied in the least restrictive manner, with privacy-preserving techniques and strong data minimization rules, only to those apps and websites offering legally age-restricted content and only for the users seeking to access it. This approach is not just privacy and security-protective, it also allows for targeted interventions at content without chilling speech across the internet.

What’s Next?

As markup begins, it’s worth remembering that the Committee has less restrictive templates to consider. While not perfect, the Parents Over Platform Act (POPA)—which the committee chose not to mark up—offers a less restrictive, more privacy-forward approach to implementing youth safety guardrails at the app store level. POPA would require app stores to generate an age signal (which indicates only whether a user is an adult or minor) based on a user’s self-declared age, rather than strict age verification. Unlike the approach in ASAA, app stores would only be required to make this age signal available to apps that offer a different experience to young people or are labeled for adults only. Importantly, they would only share this age signal when an account holder or the account holder’s parent has agreed to share it.

POPA’s voluntary approach to sharing age signals, sharing with only a subset of apps, and other data security requirements in the bill are elements worth closer consideration and improvement. The ASAA, meanwhile, would magnify privacy and security vulnerabilities, chill free expression, and leave doors wide open that imperil its stated safety goals.",1,830,Neutral,Right,0.04237567,0.28129664,0.67632776,0.67632776,False
"South Africa, 22 April 2026: Absa is strengthening its role in South Africa’s fast-growing beauty economy, returning for the second consecutive year as the official banking partner of the Takealot House of Beauty Fair, taking place at the Kyalami Grand Prix Circuit from 24–26 April 2026.

This comes as Absa Rewards continues to deliver tangible customer value, having paid out over R430 million in cashback in 2025 alone. In an environment of rising everyday costs, the programme is deliberately designed around customer needs, helping people get more from their spending and reinforcing relevance in categories that matter most to them, including the increasingly important beauty and personal care category.

Alicia Raynard, Executive: Absa Rewards, says: “Beauty today is deeply connected to confidence, identity and self-expression, and consumers are continuing to prioritise it even in a constrained environment. Our role at Absa Rewards is to ensure that our members don’t have to compromise. By turning everyday spend into real value, we enable our members to enjoy the experiences and products that matter most, while making smarter financial decisions that support their lifestyle.”

South Africa’s beauty economy is now worth close to R70 billion, driven by sustained consumer demand for self-care, confidence and everyday indulgence. While spending remains resilient, behaviour is shifting, with consumers becoming more intentional and seeking ways to stretch their budgets without compromising on quality or experience.

For many South Africans, maintaining a beauty or grooming routine can cost between R500 and R1,200 per month. Through Absa Rewards, which offers up to 30% real cashback, customers are able to maintain their routines, elevate their choices, and enjoy more without placing additional strain on their budgets.

Absa’s presence at the Takealot House of Beauty brings its value proposition to life through an immersive, experience-led environment at one of South Africa’s most anticipated beauty and lifestyle events, which has once again sold out in record time.

At the centre of this is The Absa House, a curated, high-energy space designed to translate the benefits of Absa Rewards into something attendees can see, feel and experience in real time. It moves beyond a traditional stand, creating a fully integrated brand environment where financial value meets lifestyle relevance.

Within The Absa House, attendees can experience:

Up to R160,000 in cash and vouchers to be won, rewarding participation across the weekend;

Spin and Win, featuring instant prizes including limited-edition Rich Mnisi silk scarves, premium Fieldbar coolers, French champagne, NetFlorist vouchers and curated beauty hampers;

Engage and Win, with daily cash prizes paid directly into Absa Rewards accounts;

Seamless digital engagement, through QR-led activations unlocking deals, rewards and easy sign-up;

#AbsaRewardsMe, a social participation mechanic extending the experience beyond the event.

Every touchpoint is designed to demonstrate how Absa Rewards works in practice, turning everyday spend into tangible lifestyle value.

A key highlight of the experience is the Absa Rewards Silent Masterclass, titled: “Here to Be Me: Manifesting Your Vision into Reality.” This headphone‑led session is designed to move attendees from intention to action. Through guided reflection and real‑time interaction, it helps people translate aspirations into everyday decisions, including how they spend. The experience reframes rewards as an active enabler, empowering attendees to turn goals into tangible outcomes and take confident steps from thinking to doing.

The Takealot House of Beauty continues to reflect the evolution of beauty from a routine into a broader lifestyle category.

Attendees can expect:

Leading global and local brands including L’Oréal Paris, Estée Lauder, The Ordinary, Clarins, Sol de Janeiro, Revlon, Cetaphil, Dark & Lovely and Gloot

Live performances by Mi Casa, Pabi Cooper and Lordkez

Influencer-led experiences and real-time content masterclasses

Interactive brand activations

Seamless shopping via TakealotNOW

A curated gift bag valued at R3,000 on departure

Absa Rewards adds an additional layer of value, enabling attendees to unlock up to 30% real cashback on qualifying Takealot purchases over the weekend, ensuring the experience extends beyond the event itself.

As beauty continues to evolve from a routine into a lifestyle, the way people spend it is evolving too. It is no longer just about what you buy, but how you buy it, how you experience it, and how it contributes to your overall sense of confidence and identity.

Through Absa Rewards, Absa is helping to enable this shift, turning everyday transactions into opportunities for greater value, better choices and more meaningful experiences.

Follow the conversation on @Absa.SouthAfrica and @Absa_Group using

#YourStoryMatters #AbsaXHouseOfBeauty #HereToBe

For more information on Absa Rewards, please visit www.absa.co.za/rewards

Here to Be Me, because your story matters.",2,380,Right,Neutral,0.012487839,0.6832801,0.30423203,0.6832801,False
